<mvc:View xmlns:core="sap.ui.core"
  xmlns:mvc="sap.ui.core.mvc"
  xmlns="sap.m"
  xmlns:html="http://www.w3.org/1999/xhtml"
  width="100%"
  controllerName="sap.workzone.samples.context.brandCard.Main">
  <VBox
    class="sapUiSmallMargin"
    justifyContent="SpaceBetween">
    <HBox justifyContent="SpaceBetween"
      renderType="Bare">
      <ComboBox
        id="brandCombobox"
        class="sapUiSmallMarginEnd"
        placeholder="Brands"
        items="{
					path: '/brands',
					sorter: { path: 'text' },
					selectedItem: '{/selectedItem}'
				}"
        change="handleChange">
        <layoutData>
          <FlexItemData growFactor="1" shrinkFactor="1" baseSize="0" />
        </layoutData>
        <core:Item key="{key}" text="{text}" />
      </ComboBox>
    </HBox>
  </VBox>
</mvc:View>